Agency,NumPlatforms,,,,
USVIFD,1,1,0.002318142,1,0.001410437
SBBG01,1,2,0.004636284,2,0.002820874
ONAMET,1,3,0.006954425,3,0.004231312
WQMMON,1,4,0.009272567,4,0.005641749
RED108,1,5,0.011590709,5,0.007052186
EUROPE,1,6,0.013908851,6,0.008462623
CAYMAN,1,7,0.016226992,7,0.009873061
NWSHQ1,1,8,0.018545134,8,0.011283498
NWSBOL,1,9,0.020863276,9,0.012693935
USGS06,1,10,0.023181418,10,0.014104372
SIMPLO,1,11,0.02549956,11,0.01551481
NHMASS,1,12,0.027817701,12,0.016925247
IDAHO1,1,13,0.030135843,13,0.018335684
ASPEN1,1,14,0.032453985,14,0.019746121
UPPER2,1,15,0.034772127,15,0.021156559
NCOEMA,1,16,0.037090268,16,0.022566996
USUEES,1,17,0.03940841,17,0.023977433
PARKWY,1,18,0.041726552,18,0.02538787
CBPWWD,1,19,0.044044694,19,0.026798307
KOOTEN,1,20,0.046362836,20,0.028208745
JEFFCO,1,21,0.048680977,21,0.029619182
BOLDER,1,22,0.050999119,22,0.031029619
ILLDNR,1,23,0.053317261,23,0.032440056
MORAGA,1,24,0.055635403,24,0.033850494
COLUMB,1,25,0.057953544,25,0.035260931
WOREGN,1,26,0.060271686,26,0.036671368
MOBOT1,1,27,0.062589828,27,0.038081805
FLADEP,1,28,0.06490797,28,0.039492243
NEXSEN,1,29,0.067226112,29,0.04090268
CLOCA1,1,30,0.069544253,30,0.042313117
QUILEU,1,31,0.071862395,31,0.043723554
WOODPL,1,32,0.074180537,32,0.045133992
SNOHOM,1,33,0.076498679,33,0.046544429
WCWCD1,1,34,0.07881682,34,0.047954866
MNRREG,1,35,0.081134962,35,0.049365303
MSCQCM,1,36,0.083453104,36,0.05077574
MSCDOM,1,37,0.085771246,37,0.052186178
H2OPOW,1,38,0.088089388,38,0.053596615
WAMILI,1,39,0.090407529,39,0.055007052
WALLOP,1,40,0.092725671,40,0.056417489
NCOWCD,1,41,0.095043813,41,0.057827927
SAUK01,1,42,0.097361955,42,0.059238364
NPSWRD,1,43,0.099680096,43,0.060648801
UTICAP,1,44,0.101998238,44,0.062059238
NANAIM,1,45,0.10431638,45,0.063469676
GEORGU,1,46,0.106634522,46,0.064880113
WASUNI,1,47,0.108952664,47,0.06629055
SICCRE,1,48,0.111270805,48,0.067700987
ZANCAN,1,49,0.113588947,49,0.069111425
APPSTA,1,50,0.115907089,50,0.070521862
DODMCF,1,51,0.118225231,51,0.071932299
FMRESI,1,52,0.120543372,52,0.073342736
FALLBR,1,53,0.122861514,53,0.074753173
ZONEWA,1,54,0.125179656,54,0.076163611
HYDSCI,1,55,0.127497798,55,0.077574048
NYDEC1,1,56,0.12981594,56,0.078984485
RPCITY,1,57,0.132134081,57,0.080394922
UOHIWR,1,58,0.134452223,58,0.08180536
UMAGCH,1,59,0.136770365,59,0.083215797
WESTCO,1,60,0.139088507,60,0.084626234
ARAUCA,1,61,0.141406648,61,0.086036671
ALION1,1,62,0.14372479,62,0.087447109
ANGUIl,1,63,0.146042932,63,0.088857546
NWERN1,1,64,0.148361074,64,0.090267983
KTIKEO,1,65,0.150679216,65,0.09167842
ARUBA1,1,66,0.152997357,66,0.093088858
SCARNG,1,67,0.155315499,67,0.094499295
SANDIA,1,68,0.157633641,68,0.095909732
ALKALI,1,69,0.159951783,69,0.097320169
AVONAF,1,70,0.162269924,70,0.098730606
LAVCED,1,71,0.164588066,71,0.100141044
URABA1,1,72,0.166906208,72,0.101551481
PAC001,1,73,0.16922435,73,0.102961918
NASAAM,1,74,0.171542492,74,0.104372355
AZGFD1,1,75,0.173860633,75,0.105782793
UFRGS1,1,76,0.176178775,76,0.10719323
BIGHRN,1,77,0.178496917,77,0.108603667
SABLE1,1,78,0.180815059,78,0.110014104
HCPOL1,1,79,0.1831332,79,0.111424542
BOGATA,1,80,0.185451342,80,0.112834979
BLANCH,1,81,0.187769484,81,0.114245416
SILVER,1,82,0.190087626,82,0.115655853
GENISA,1,83,0.192405768,83,0.117066291
WGRACE,1,84,0.194723909,84,0.118476728
DEBBRZ,1,85,0.197042051,85,0.119887165
BAGGS1,1,86,0.199360193,86,0.121297602
UNISAO,1,87,0.201678335,87,0.122708039
BARBAD,1,88,0.203996476,88,0.124118477
UFFBRA,1,89,0.206314618,89,0.125528914
DOMBCC,1,90,0.20863276,90,0.126939351
NEWPRT,1,91,0.210950902,91,0.128349788
BIFD01,1,92,0.213269044,92,0.129760226
CONFEX,1,93,0.215587185,93,0.131170663
CHOCTA,1,94,0.217905327,94,0.1325811
TNCORG,1,95,0.220223469,95,0.133991537
UCOMCA,1,96,0.222541611,96,0.135401975
UCOMAZ,1,97,0.224859752,97,0.136812412
UCOMPE,1,98,0.227177894,98,0.138222849
UCOMCH,1,99,0.229496036,99,0.139633286
UCOMCO,1,100,0.231814178,100,0.141043724
CAICOS,1,101,0.23413232,101,0.142454161
CAMRVR,1,102,0.236450461,102,0.143864598
MASSFG,1,103,0.238768603,103,0.145275035
CLACKA,1,104,0.241086745,104,0.146685472
CORALI,1,105,0.243404887,105,0.14809591
JCTM01,1,106,0.245723028,106,0.149506347
MISVCA,1,107,0.24804117,107,0.150916784
CAPARK,1,108,0.250359312,108,0.152327221
GOLDCK,1,109,0.252677454,109,0.153737659
MARPUD,1,110,0.254995596,110,0.155148096
CALGAR,1,111,0.257313737,111,0.156558533
GOLDER,1,112,0.259631879,112,0.15796897
GLBERT,1,113,0.261950021,113,0.159379408
COOSBY,1,114,0.264268163,114,0.160789845
NORZIN,1,115,0.266586304,115,0.162200282
CARROL,1,116,0.268904446,116,0.163610719
MTSWCD,1,117,0.271222588,117,0.165021157
CESPL1,1,118,0.27354073,118,0.166431594
MEFDRN,1,119,0.275858872,119,0.167842031
DHNPER,1,120,0.278177013,120,0.169252468
UBAAR1,1,121,0.280495155,121,0.170662906
DSLORE,1,122,0.282813297,122,0.172073343
MPWMD1,1,123,0.285131439,123,0.17348378
GUYANE,1,124,0.28744958,124,0.174894217
TACOMA,1,125,0.289767722,125,0.176304654
DCSHRF,1,126,0.292085864,126,0.177715092
SHNCLG,1,127,0.294404006,127,0.179125529
WYODOT,1,128,0.296722148,128,0.180535966
NOAGOM,1,129,0.299040289,129,0.181946403
WELNER,1,130,0.301358431,130,0.183356841
USSEPA,1,131,0.303676573,131,0.184767278
JACKCO,1,132,0.305994715,132,0.186177715
EPARG9,1,133,0.308312856,133,0.187588152
SEATLE,1,134,0.310630998,134,0.18899859
KERNTU,1,135,0.31294914,135,0.190409027
ESCITE,1,136,0.315267282,136,0.191819464
IHREDA,1,137,0.317585424,137,0.193229901
MNCITO,1,138,0.319903565,138,0.194640339
EPAFIR,1,139,0.322221707,139,0.196050776
SSCAFC,1,140,0.324539849,140,0.197461213
NPSDVY,1,141,0.326857991,141,0.19887165
YELLOW,1,142,0.329176132,142,0.200282087
STKITT,1,143,0.331494274,143,0.201692525
SSFRAN,1,144,0.333812416,144,0.203102962
INFDRN,1,145,0.336130558,145,0.204513399
CASPAR,1,146,0.3384487,146,0.205923836
FORHAM,1,147,0.340766841,147,0.207334274
MAKAHI,1,148,0.343084983,148,0.208744711
FGFDRN,1,149,0.345403125,149,0.210155148
TECHED,1,150,0.347721267,150,0.211565585
HANDAR,2,152,0.35235755,151,0.212976023
SIGENG,2,154,0.356993834,152,0.21438646
OCEANS,2,156,0.361630117,153,0.215796897
OKALOO,2,158,0.366266401,154,0.217207334
AOML03,2,160,0.370902684,155,0.218617772
USGS04,2,162,0.375538968,156,0.220028209
1LURAY,2,164,0.380175252,157,0.221438646
PENDLE,2,166,0.384811535,158,0.222849083
MODOC1,2,168,0.389447819,159,0.22425952
UNIHCL,2,170,0.394084102,160,0.225669958
PADMVA,2,172,0.398720386,161,0.227080395
LARIME,2,174,0.403356669,162,0.228490832
PCEMMC,2,176,0.407992953,163,0.229901269
AZDFFM,2,178,0.412629236,164,0.231311707
NEVIS1,2,180,0.41726552,165,0.232722144
RENFEW,2,182,0.421901804,166,0.234132581
THURST,2,184,0.426538087,167,0.235543018
MADERA,2,186,0.431174371,168,0.236953456
NIAGRA,2,188,0.435810654,169,0.238363893
KRCDCA,2,190,0.440446938,170,0.23977433
GUANAJ,2,192,0.445083221,171,0.241184767
MPT001,2,194,0.449719505,172,0.242595205
NOVATO,2,196,0.454355788,173,0.244005642
CSKT01,2,198,0.458992072,174,0.245416079
GOSODN,2,200,0.463628356,175,0.246826516
SVNEMO,2,202,0.468264639,176,0.248236953
NETMWD,2,204,0.472900923,177,0.249647391
KAWEAH,2,206,0.477537206,178,0.251057828
WASDOT,2,208,0.48217349,179,0.252468265
VATECH,2,210,0.486809773,180,0.253878702
ERLWPL,2,212,0.491446057,181,0.25528914
USMCWA,2,214,0.49608234,182,0.256699577
SNAMET,2,216,0.500718624,183,0.258110014
VAMASC,2,218,0.505354908,184,0.259520451
PLACER,2,220,0.509991191,185,0.260930889
CSUNRD,2,222,0.514627475,186,0.262341326
HAITI9,2,224,0.519263758,187,0.263751763
PAPUA1,2,226,0.523900042,188,0.2651622
ARIDCA,2,228,0.528536325,189,0.266572638
TRAVIS,2,230,0.533172609,190,0.267983075
LABAMA,2,232,0.537808892,191,0.269393512
GUELPH,2,234,0.542445176,192,0.270803949
ACPWA1,2,236,0.54708146,193,0.272214386
ARCADS,2,238,0.551717743,194,0.273624824
NOAAFS,2,240,0.556354027,195,0.275035261
CNNWT1,2,242,0.56099031,196,0.276445698
MAARMY,2,244,0.565626594,197,0.277856135
ADFSFD,2,246,0.570262877,198,0.279266573
ALPINE,2,248,0.574899161,199,0.28067701
MEXIBW,2,250,0.579535444,200,0.282087447
HOLLIS,2,252,0.584171728,201,0.283497884
LEONMX,2,254,0.588808011,202,0.284908322
DALHOU,2,256,0.593444295,203,0.286318759
QUINLT,2,258,0.598080579,204,0.287729196
CATARI,2,260,0.602716862,205,0.289139633
CJHYDR,2,262,0.607353146,206,0.290550071
CJENER,2,264,0.611989429,207,0.291960508
APEXGE,2,266,0.616625713,208,0.293370945
BOISDE,2,268,0.621261996,209,0.294781382
INTRFO,2,270,0.62589828,210,0.296191819
NOVSCO,2,272,0.630534563,211,0.297602257
LANDER,2,274,0.635170847,212,0.299012694
UNIVIC,2,276,0.639807131,213,0.300423131
WYOST1,2,278,0.644443414,214,0.301833568
LCAQMD,2,280,0.649079698,215,0.303244006
UCSD01,2,282,0.653715981,216,0.304654443
ALGONQ,2,284,0.658352265,217,0.30606488
CCWH20,2,286,0.662988548,218,0.307475317
OAKLAN,2,288,0.667624832,219,0.308885755
SANDIE,2,290,0.672261115,220,0.310296192
CLCND1,2,292,0.676897399,221,0.311706629
KDLGRP,2,294,0.681533683,222,0.313117066
DINAGU,2,296,0.686169966,223,0.314527504
NHDART,2,298,0.69080625,224,0.315937941
DOUGLS,2,300,0.695442533,225,0.317348378
DELANO,2,302,0.700078817,226,0.318758815
DEFOSV,2,304,0.7047151,227,0.320169252
ORWATR,2,306,0.709351384,228,0.32157969
SEARPI,2,308,0.713987667,229,0.322990127
EBMUD2,2,310,0.718623951,230,0.324400564
ELORO1,2,312,0.723260235,231,0.325811001
PANSMI,2,314,0.727896518,232,0.327221439
NPS001,2,316,0.732532802,233,0.328631876
FSPAC1,2,318,0.737169085,234,0.330042313
KREW01,2,320,0.741805369,235,0.33145275
VASALA,3,323,0.748759794,236,0.332863188
SCSWCD,3,326,0.755714219,237,0.334273625
FIRECA,3,329,0.762668645,238,0.335684062
AIRQUA,3,332,0.76962307,239,0.337094499
BOXELD,3,335,0.776577495,240,0.338504937
KYFDRN,3,338,0.783531921,241,0.339915374
MTHOOD,3,341,0.790486346,242,0.341325811
STANOE,3,344,0.797440771,243,0.342736248
MBWTHR,3,347,0.804395197,244,0.344146685
NIAREG,3,350,0.811349622,245,0.345557123
UCDLAW,3,353,0.818304047,246,0.34696756
RCFWCD,3,356,0.825258473,247,0.348377997
PRSN01,3,359,0.832212898,248,0.349788434
OKANAG,3,362,0.839167323,249,0.351198872
QUARTZ,3,365,0.846121749,250,0.352609309
BRITVI,3,368,0.853076174,251,0.354019746
IEPAAP,3,371,0.860030599,252,0.355430183
PALOUS,3,374,0.866985025,253,0.356840621
UFPRBR,3,377,0.87393945,254,0.358251058
BALHYD,3,380,0.880893875,255,0.359661495
GRUPOC,3,383,0.887848301,256,0.361071932
FRESHW,3,386,0.894802726,257,0.36248237
IWVGA1,3,389,0.901757151,258,0.363892807
CMCNRM,3,392,0.908711577,259,0.365303244
HIDROV,3,395,0.915666002,260,0.366713681
UNALCO,3,398,0.922620427,261,0.368124118
TPSGC1,3,401,0.929574853,262,0.369534556
CHICLA,3,404,0.936529278,263,0.370944993
CANDFS,3,407,0.943483703,264,0.37235543
DGACHL,3,410,0.950438129,265,0.373765867
HELIX1,3,413,0.957392554,266,0.375176305
NEUNIV,3,416,0.964346979,267,0.376586742
NPUPDE,3,419,0.971301405,268,0.377997179
NPS002,3,422,0.97825583,269,0.379407616
PASTAZ,3,425,0.985210255,270,0.380818054
SNOPUD,4,429,0.994482823,271,0.382228491
YAKAMA,4,433,1.00375539,272,0.383638928
LABRAD,4,437,1.013027957,273,0.385049365
SDFDRN,4,441,1.022300524,274,0.386459803
VENTUR,4,445,1.031573091,275,0.38787024
MASSCR,4,449,1.040845658,276,0.389280677
SJSUED,4,453,1.050118225,277,0.390691114
HAYS48,4,457,1.059390792,278,0.392101551
BASTRP,4,461,1.068663359,279,0.393511989
PULSKI,4,465,1.077935927,280,0.394922426
NFFPC1,4,469,1.087208494,281,0.396332863
1HAITI,4,473,1.096481061,282,0.3977433
MTRNPS,4,477,1.105753628,283,0.399153738
SKAGIT,4,481,1.115026195,284,0.400564175
NWSHND,4,485,1.124298762,285,0.401974612
ERL001,4,489,1.133571329,286,0.403385049
PAIUTE,4,493,1.142843896,287,0.404795487
EAABES,4,497,1.152116463,288,0.406205924
SEIMAC,4,501,1.161389031,289,0.407616361
AOOS01,4,505,1.170661598,290,0.409026798
NPSERM,4,509,1.179934165,291,0.410437236
CAPAZ1,4,513,1.189206732,292,0.411847673
MDFDRN,4,517,1.198479299,293,0.41325811
BARRIE,4,521,1.207751866,294,0.414668547
BBADOS,4,525,1.217024433,295,0.416078984
COLPAW,4,529,1.226297,296,0.417489422
TNCCAL,4,533,1.235569567,297,0.418899859
OMNH20,4,537,1.244842135,298,0.420310296
WILCO1,4,541,1.254114702,299,0.421720733
PILCOM,4,545,1.263387269,300,0.423131171
GNBCAN,4,549,1.272659836,301,0.424541608
CHIQUI,4,553,1.281932403,302,0.425952045
EBPARK,4,557,1.29120497,303,0.427362482
HOOPAV,4,561,1.300477537,304,0.42877292
NLWNPG,4,565,1.309750104,305,0.430183357
NISGAA,4,569,1.319022671,306,0.431593794
WWBWC1,5,574,1.33061338,307,0.433004231
NOPRSN,5,579,1.342204089,308,0.434414669
TRNDAD,5,584,1.353794798,309,0.435825106
YOSEMI,5,589,1.365385507,310,0.437235543
YSIMAN,5,594,1.376976216,311,0.43864598
PRDNER,5,599,1.388566925,312,0.440056417
AUSTIN,5,604,1.400157634,313,0.441466855
KINGSR,5,609,1.411748343,314,0.442877292
KDFCRA,5,614,1.423339051,315,0.444287729
SWMSIE,5,619,1.43492976,316,0.445698166
URGUAY,5,624,1.446520469,317,0.447108604
MINAGR,5,629,1.458111178,318,0.448519041
ANTIGA,5,634,1.469701887,319,0.449929478
ALTAGS,5,639,1.481292596,320,0.451339915
IBGEBR,5,644,1.492883305,321,0.452750353
SEFAC1,5,649,1.504474014,322,0.45416079
GIGAME,5,654,1.516064723,323,0.455571227
WEYERH,5,659,1.527655431,324,0.456981664
COMOX1,5,664,1.53924614,325,0.458392102
CHEKEE,5,669,1.550836849,326,0.459802539
CALDWR,5,674,1.562427558,327,0.461212976
INVMAR,5,679,1.574018267,328,0.462623413
SOPFEU,5,684,1.585608976,329,0.46403385
ENVCAN,5,689,1.597199685,330,0.465444288
CARR01,5,694,1.608790394,331,0.466854725
CESWA1,5,699,1.620381103,332,0.468265162
KINGSC,5,704,1.631971811,333,0.469675599
DETOUR,5,709,1.64356252,334,0.471086037
DEBEER,5,714,1.655153229,335,0.472496474
FTSTEW,5,719,1.666743938,336,0.473906911
VALCOM,6,725,1.680652789,337,0.475317348
ARFDRN,6,731,1.694561639,338,0.476727786
AAWQMO,6,737,1.70847049,339,0.478138223
IPGPFR,6,743,1.722379341,340,0.47954866
CFLHYD,6,749,1.736288191,341,0.480959097
SHERDN,6,755,1.750197042,342,0.482369535
USMCNR,6,761,1.764105893,343,0.483779972
MCRCOM,6,767,1.778014743,344,0.485190409
FORTUN,6,773,1.791923594,345,0.486600846
CALFED,6,779,1.805832445,346,0.488011283
USNAVY,6,785,1.819741295,347,0.489421721
ATIVA1,6,791,1.833650146,348,0.490832158
WYGVID,6,797,1.847558997,349,0.492242595
BUTTEC,6,803,1.861467847,350,0.493653032
CTUIR1,6,809,1.875376698,351,0.49506347
CLMSON,6,815,1.889285549,352,0.496473907
CRANBK,6,821,1.903194399,353,0.497884344
MBGWTR,6,827,1.91710325,354,0.499294781
MAITCA,6,833,1.931012101,355,0.500705219
NELSON,6,839,1.944920951,356,0.502115656
CENPA1,6,845,1.958829802,357,0.503526093
IDAITD,6,851,1.972738653,358,0.50493653
IAFDRN,6,857,1.986647503,359,0.506346968
FLDBSM,6,863,2.000556354,360,0.507757405
YNEWIP,7,870,2.016783346,361,0.509167842
NBOWER,7,877,2.033010339,362,0.510578279
MDNRCF,7,884,2.049237331,363,0.511988717
HQAFSC,7,891,2.065464324,364,0.513399154
SCFC01,7,898,2.081691316,365,0.514809591
RAFES1,7,905,2.097918309,366,0.516220028
CARBER,7,912,2.114145301,367,0.517630465
SOFDRN,7,919,2.130372294,368,0.519040903
STVINC,7,926,2.146599286,369,0.52045134
USMCCP,7,933,2.162826278,370,0.521861777
AMAZON,7,940,2.179053271,371,0.523272214
ALBCAN,7,947,2.195280263,372,0.524682652
FREPOL,7,954,2.211507256,373,0.526093089
SANGAE,7,961,2.227734248,374,0.527503526
CEORD1,7,968,2.243961241,375,0.528913963
MERCED,7,975,2.260188233,376,0.530324401
KOMAKA,7,982,2.276415226,377,0.531734838
KARUK1,7,989,2.292642218,378,0.533145275
FFSDEP,7,996,2.30886921,379,0.534555712
ALABAM,8,1004,2.327414345,380,0.53596615
NHDNCR,8,1012,2.345959479,381,0.537376587
MSCPNM,8,1020,2.364504613,382,0.538787024
NEPWRC,8,1028,2.383049747,383,0.540197461
NOSTSL,8,1036,2.401594882,384,0.541607898
ERLETL,8,1044,2.420140016,385,0.543018336
VALEIN,8,1052,2.43868515,386,0.544428773
MIDIRD,8,1060,2.457230284,387,0.54583921
WYUWYO,8,1068,2.475775418,388,0.547249647
AVALAN,8,1076,2.494320553,389,0.548660085
AVASER,8,1084,2.512865687,390,0.550070522
USASK1,8,1092,2.531410821,391,0.551480959
QUEENU,8,1100,2.549955955,392,0.552891396
CUSCO1,8,1108,2.56850109,393,0.554301834
EBMUD1,8,1116,2.587046224,394,0.555712271
SIDNEY,8,1124,2.605591358,395,0.557122708
SFWMD1,8,1132,2.624136492,396,0.558533145
MOFDRN,9,1141,2.644999768,397,0.559943583
FDOACS,9,1150,2.665863044,398,0.56135402
SEMAS1,9,1159,2.68672632,399,0.562764457
BERKLY,9,1168,2.707589596,400,0.564174894
CENWS1,9,1177,2.728452872,401,0.565585331
OREWRD,9,1186,2.749316148,402,0.566995769
UCIESD,9,1195,2.770179424,403,0.568406206
SBFIRE,10,1205,2.793360842,404,0.569816643
COWFMS,10,1215,2.81654226,405,0.57122708
PACPOW,10,1225,2.839723678,406,0.572637518
SRCITY,10,1235,2.862905095,407,0.574047955
ALTALI,10,1245,2.886086513,408,0.575458392
SCCSDP,10,1255,2.909267931,409,0.576868829
AGRCAN,10,1265,2.932449349,410,0.578279267
IDPCOM,10,1275,2.955630766,411,0.579689704
CONUMA,10,1285,2.978812184,412,0.581100141
CENWD1,10,1295,3.001993602,413,0.582510578
DAEESP,10,1305,3.02517502,414,0.583921016
NBFIRE,10,1315,3.048356437,415,0.585331453
SUTRON,11,1326,3.073855997,416,0.58674189
PROUDM,11,1337,3.099355557,417,0.588152327
KINGMN,11,1348,3.124855116,418,0.589562764
PANCAN,11,1359,3.150354676,419,0.590973202
THAMES,11,1370,3.175854235,420,0.592383639
CELRB1,11,1381,3.201353795,421,0.593794076
LMSCAN,12,1393,3.229171496,422,0.595204513
USGSBR,12,1405,3.256989197,423,0.596614951
METFRA,12,1417,3.284806899,424,0.598025388
MSCONL,12,1429,3.3126246,425,0.599435825
BRAZEL,12,1441,3.340442301,426,0.600846262
BRAZSA,12,1453,3.368260003,427,0.6022567
CONCET,12,1465,3.396077704,428,0.603667137
CELRC1,12,1477,3.423895405,429,0.605077574
TECIAP,12,1489,3.451713107,430,0.606488011
FTSINC,13,1502,3.48184895,431,0.607898449
NWSSRH,13,1515,3.511984793,432,0.609308886
MSFRCM,13,1528,3.542120636,433,0.610719323
MSCATL,13,1541,3.572256479,434,0.61212976
WVADOC,13,1554,3.602392322,435,0.613540197
JONOSW,13,1567,3.632528165,436,0.614950635
LAMEPE,13,1580,3.662664009,437,0.616361072
DFOMPO,13,1593,3.692799852,438,0.617771509
UKHYDR,13,1606,3.722935695,439,0.619181946
WAWACA,13,1619,3.753071538,440,0.620592384
POPUD1,13,1632,3.783207381,441,0.622002821
EPEIXE,13,1645,3.813343224,442,0.623413258
CAMSCI,14,1659,3.845797209,443,0.624823695
TENRBA,14,1673,3.878251194,444,0.626234133
NYSFDR,14,1687,3.910705179,445,0.62764457
IGUACU,14,1701,3.943159164,446,0.629055007
LEWISC,14,1715,3.975613149,447,0.630465444
EPAR9L,14,1729,4.008067133,448,0.631875882
EMGESA,14,1743,4.040521118,449,0.633286319
ENREP1,14,1757,4.072975103,450,0.634696756
UOCBOL,15,1772,4.10774723,451,0.636107193
ALBFOR,15,1787,4.142519356,452,0.63751763
ISLTIM,15,1802,4.177291483,453,0.638928068
EMPOPA,15,1817,4.21206361,454,0.640338505
CHSCNA,15,1832,4.246835736,455,0.641748942
EACDOA,16,1848,4.283926005,456,0.643159379
NWSTSU,16,1864,4.321016273,457,0.644569817
BAKERS,16,1880,4.358106542,458,0.645980254
HETCHY,16,1896,4.39519681,459,0.647390691
COLOGN,16,1912,4.432287079,460,0.648801128
NPSLMR,16,1928,4.469377347,461,0.650211566
UOMDOA,17,1945,4.508785757,462,0.651622003
MCHDNR,17,1962,4.548194168,463,0.65303244
BROPOW,17,1979,4.587602578,464,0.654442877
UNASAM,17,1996,4.627010988,465,0.655853315
SFPUCW,17,2013,4.666419398,466,0.657263752
MEXIMT,17,2030,4.705827808,467,0.658674189
TRANSA,17,2047,4.745236219,468,0.660084626
COLOCC,17,2064,4.784644629,469,0.661495063
CELRE1,17,2081,4.824053039,470,0.662905501
TEESH1,17,2098,4.863461449,471,0.664315938
COPASA,18,2116,4.905188001,472,0.665726375
SEMARH,18,2134,4.946914553,473,0.667136812
SJWATR,18,2152,4.988641105,474,0.66854725
SLUCIA,18,2170,5.030367657,475,0.669957687
TEXUNI,19,2189,5.074412351,476,0.671368124
DOIFWS,19,2208,5.118457045,477,0.672778561
YUTENP,19,2227,5.162501739,478,0.674188999
ELETRO,19,2246,5.206546432,479,0.675599436
QUINDO,19,2265,5.250591126,480,0.677009873
CENAO1,19,2284,5.29463582,481,0.67842031
CESWF1,19,2303,5.338680514,482,0.679830748
WSCOTT,20,2323,5.385043349,483,0.681241185
SEDURB,20,2343,5.431406185,484,0.682651622
OVRTEC,20,2363,5.47776902,485,0.684062059
CESAMO,20,2383,5.524131856,486,0.685472496
FEPAGR,20,2403,5.570494691,487,0.686882934
DIMAR1,21,2424,5.619175669,488,0.688293371
MSCONM,21,2445,5.667856646,489,0.689703808
MIDHDE,21,2466,5.716537623,490,0.691114245
NMSTDI,21,2487,5.765218601,491,0.692524683
CEMVD1,21,2508,5.813899578,492,0.69393512
NWFWMD,21,2529,5.862580555,493,0.695345557
GFDRNC,22,2551,5.913579675,494,0.696755994
DFWLNR,22,2573,5.964578794,495,0.698166432
OREDOF,22,2595,6.015577913,496,0.699576869
MSFDRN,22,2617,6.066577032,497,0.700987306
NOAHCN,22,2639,6.117576151,498,0.702397743
CESAS1,22,2661,6.16857527,499,0.703808181
MXUNAM,23,2684,6.221892531,500,0.705218618
MSCATM,23,2707,6.275209792,501,0.706629055
INAWRD,23,2730,6.328527053,502,0.708039492
ARKSAS,23,2753,6.381844314,503,0.709449929
TXLCRA,23,2776,6.435161574,504,0.710860367
EPAH20,23,2799,6.488478835,505,0.712270804
ALKDNR,24,2823,6.544114238,506,0.713681241
PADCNR,24,2847,6.599749641,507,0.715091678
MSCBCL,24,2871,6.655385043,508,0.716502116
JAMMET,24,2895,6.711020446,509,0.717912553
COACUD,25,2920,6.76897399,510,0.71932299
AGERH1,25,2945,6.826927535,511,0.720733427
VALEBR,25,2970,6.884881079,512,0.722143865
PEICAN,25,2995,6.942834624,513,0.723554302
CENAP1,25,3020,7.000788168,514,0.724964739
BARCIM,26,3046,7.061059854,515,0.726375176
LAFIRE,26,3072,7.121331541,516,0.727785614
MSCQCL,26,3098,7.181603227,517,0.729196051
VCFWCD,26,3124,7.241874913,518,0.730606488
CANFO1,26,3150,7.302146599,519,0.732016925
CESAM1,26,3176,7.362418286,520,0.733427362
SNWANR,27,3203,7.425008113,521,0.7348378
DODARM,27,3230,7.487597941,522,0.736248237
KERNCA,27,3257,7.550187769,523,0.737658674
WESTER,27,3284,7.612777597,524,0.739069111
CEAZA1,27,3311,7.675367425,525,0.740479549
WASDNR,29,3340,7.742593537,526,0.741889986
CEANA0,29,3369,7.809819649,527,0.743300423
MBWATR,30,3399,7.879363902,528,0.74471086
NRCAN1,30,3429,7.948908155,529,0.746121298
NLFIRE,30,3459,8.018452409,530,0.747531735
BRINEA,30,3489,8.087996662,531,0.748942172
PERUPC,31,3520,8.159859057,532,0.750352609
BAHAMA,31,3551,8.231721452,533,0.751763047
SEMABR,31,3582,8.303583847,534,0.753173484
GVRBBC,31,3613,8.375446242,535,0.754583921
EGEHID,31,3644,8.447308637,536,0.755994358
WISDNR,32,3676,8.521489174,537,0.757404795
CORICA,32,3708,8.595669711,538,0.758815233
OKOWRB,33,3741,8.67216839,539,0.76022567
UAHCRN,33,3774,8.748667068,540,0.761636107
BELIZE,34,3808,8.827483889,541,0.763046544
OROVIL,34,3842,8.906300709,542,0.764456982
SURINM,35,3877,8.987435672,543,0.765867419
NMSJRB,35,3912,9.068570634,544,0.767277856
SCALED,35,3947,9.149705596,545,0.768688293
EDDLNR,35,3982,9.230840558,546,0.770098731
NEWLAB,36,4018,9.314293662,547,0.771509168
MBFIRE,37,4055,9.400064908,548,0.772919605
NEVADA,37,4092,9.485836154,549,0.774330042
LWSOTT,38,4130,9.573925541,550,0.77574048
CPFL01,38,4168,9.662014929,551,0.777150917
NEWMEX,38,4206,9.750104316,552,0.778561354
NOVASC,39,4245,9.840511846,553,0.779971791
MSCBCM,39,4284,9.930919375,554,0.781382228
BRDUKE,40,4324,10.02364505,555,0.782792666
AESTIE,41,4365,10.11868886,556,0.784203103
WSCFTN,42,4407,10.21605081,557,0.78561354
CESAW1,43,4450,10.31573091,558,0.787023977
NCDOFR,44,4494,10.41772915,559,0.788434415
CCSUWD,44,4538,10.51972739,560,0.789844852
CPRMBR,44,4582,10.62172562,561,0.791255289
ONWATR,44,4626,10.72372386,562,0.792665726
WSDOT1,44,4670,10.8257221,563,0.794076164
HIGUOH,45,4715,10.93003848,564,0.795486601
ALKDNP,45,4760,11.03435486,565,0.796897038
GRNADA,45,4805,11.13867124,566,0.798307475
CEMIG1,45,4850,11.24298762,567,0.799717913
NCDPS1,45,4895,11.347304,568,0.80112835
DOMINI,46,4941,11.45393852,569,0.802538787
NMFABL,47,4988,11.56289119,570,0.803949224
SDDANR,47,5035,11.67184385,571,0.805359661
WMOSID,48,5083,11.78311466,572,0.806770099
NHDESB,49,5132,11.8967036,573,0.808180536
HONDRS,49,5181,12.01029255,574,0.809590973
BOLVIA,51,5232,12.12851778,575,0.81100141
MEXELE,51,5283,12.24674301,576,0.812411848
CENWW1,52,5335,12.36728638,577,0.813822285
TXFSRA,53,5388,12.4901479,578,0.815232722
UNLH00,53,5441,12.61300941,579,0.816643159
YKFIRE,54,5495,12.73818907,580,0.818053597
SARA14,54,5549,12.86336872,581,0.819464034
CHSHOA,56,5605,12.99318466,582,0.820874471
BROOKF,56,5661,13.1230006,583,0.822284908
NWSARH,57,5718,13.25513468,584,0.823695346
BURUCR,58,5776,13.38958691,585,0.825105783
SACMEX,61,5837,13.53099356,586,0.82651622
BLM002,62,5899,13.67471835,587,0.827926657
INSVMH,62,5961,13.81844314,588,0.829337094
CENAB1,62,6023,13.96216793,589,0.830747532
MEXMMD,64,6087,14.110529,590,0.832157969
MEXGAS,66,6153,14.26352636,591,0.833568406
CANALS,66,6219,14.41652371,592,0.834978843
MTWATR,67,6286,14.57183921,593,0.836389281
USFDMS,69,6355,14.731791,594,0.837799718
CASMNS,69,6424,14.89174278,595,0.839210155
USGSMP,70,6494,15.0540127,596,0.840620592
PGECHP,72,6566,15.22091891,597,0.84203103
FWSREF,74,6640,15.3924614,598,0.843441467
NASAGD,76,6716,15.56864018,599,0.844851904
BCRFC1,77,6793,15.74713709,600,0.846262341
COPECO,78,6871,15.92795215,601,0.847672779
APACBR,79,6950,16.11108535,602,0.849083216
SIMEGO,79,7029,16.29421855,603,0.850493653
MSCPNL,80,7109,16.4796699,604,0.85190409
CANNWT,81,7190,16.66743938,605,0.853314528
SERNA1,83,7273,16.85984515,606,0.854724965
DAFS02,84,7357,17.05456906,607,0.856135402
SADWRP,85,7442,17.25161111,608,0.857545839
CARCOL,86,7528,17.4509713,609,0.858956276
INDRHI,87,7615,17.65264964,610,0.860366714
SASKAT,88,7703,17.85664611,611,0.861777151
NWSPAC,89,7792,18.06296073,612,0.863187588
ISAGEN,89,7881,18.26927535,613,0.864598025
VENEDC,90,7971,18.47790811,614,0.866008463
NWSCRH,90,8061,18.68654087,615,0.8674189
CTMSG1,90,8151,18.89517363,616,0.868829337
ACQUA1,90,8241,19.10380639,617,0.870239774
CELRN1,90,8331,19.31243915,618,0.871650212
CEMVP1,97,8428,19.5372989,619,0.873060649
FUNCEM,98,8526,19.7644768,620,0.874471086
BIAPRR,100,8626,19.99629097,621,0.875881523
SANCLA,102,8728,20.23274143,622,0.877291961
PARANA,104,8832,20.47382818,623,0.878702398
CEMVM1,104,8936,20.71491492,624,0.880112835
NPEVER,105,9041,20.95831981,625,0.881523272
CESWL1,105,9146,21.2017247,626,0.882933709
CENED1,108,9254,21.45208401,627,0.884344147
ONTHYD,109,9363,21.70476146,628,0.885754584
PCGCCA,110,9473,21.95975706,629,0.887165021
INEMA1,111,9584,22.2170708,630,0.888575458
CESAJ1,113,9697,22.47902082,631,0.889985896
NOAERD,114,9811,22.74328898,632,0.891396333
SEMARS,115,9926,23.00987528,633,0.89280677
CSKT02,117,10043,23.28109787,634,0.894217207
CENWK1,118,10161,23.5546386,635,0.895627645
CALDFP,119,10280,23.83049747,636,0.897038082
CENWP1,122,10402,24.11331077,637,0.898448519
NWSWRH,126,10528,24.40539663,638,0.899858956
UNIVNY,126,10654,24.6974825,639,0.901269394
INAMHI,128,10782,24.99420465,640,0.902679831
DRIEDU,128,10910,25.29092679,641,0.904090268
CELRL1,130,11040,25.59228522,642,0.905500705
CEMVN1,134,11174,25.90291622,643,0.906911142
NWSERH,135,11309,26.21586536,644,0.90832158
FLODOT,136,11445,26.53113264,645,0.909732017
SMHCPH,139,11584,26.85335435,646,0.911142454
CEMVS1,140,11724,27.1778942,647,0.912552891
USIBWC,141,11865,27.50475219,648,0.913963329
TCID01,141,12006,27.83161018,649,0.915373766
MANTOB,142,12148,28.16078631,650,0.916784203
INETER,143,12291,28.49228059,651,0.91819464
FURNAS,144,12435,28.826093,652,0.919605078
REMABR,150,12585,29.17381427,653,0.921015515
ONTMNR,154,12739,29.5308081,654,0.922425952
BCFIRE,155,12894,29.89012008,655,0.923836389
CVCCSA,155,13049,30.24943206,656,0.925246827
CENWO1,155,13204,30.60874403,657,0.926657264
OREERD,156,13360,30.97037415,658,0.928067701
CEMVR1,161,13521,31.34359497,659,0.929478138
CEMVK1,163,13684,31.72145208,660,0.930888575
NEBDNR,165,13849,32.10394548,661,0.932299013
WSCHAL,165,14014,32.48643887,662,0.93370945
SAWACO,172,14186,32.88515926,663,0.935119887
SIMEPA,172,14358,33.28387964,664,0.936530324
ANAPER,172,14530,33.68260003,665,0.937940762
FWSBID,174,14704,34.0859567,666,0.939351199
ONTARI,176,14880,34.49394965,667,0.940761636
WSDECO,178,15058,34.90657889,668,0.942172073
MINENV,184,15242,35.33311697,669,0.943582511
BURMPR,193,15435,35.78051834,670,0.944992948
QNRCAN,193,15628,36.2279197,671,0.946403385
NPS003,195,15823,36.67995735,672,0.947813822
ONFIRE,197,16020,37.13663128,673,0.94922426
WYOSEO,208,16228,37.61880477,674,0.950634697
PANAMA,209,16437,38.1032964,675,0.952045134
NOACRD,223,16660,38.62024201,676,0.953455571
CELRP1,227,16887,39.1464602,677,0.954866008
EPMMED,235,17122,39.69122352,678,0.956276446
TEXWDB,237,17359,40.24062312,679,0.957686883
CESPD1,238,17597,40.79234086,680,0.95909732
WSCREG,239,17836,41.34637674,681,0.960507757
NDBOTW,243,18079,41.9096852,682,0.961918195
MINDNR,245,18324,42.47762993,683,0.963328632
CELRH1,249,18573,43.05484723,684,0.964739069
CESWT1,258,18831,43.65292781,685,0.966149506
ALBERT,262,19093,44.26028096,686,0.967559944
BCHYPW,267,19360,44.87922481,687,0.968970381
TENNVA,268,19628,45.50048681,688,0.970380818
BURGPR,268,19896,46.12174881,689,0.971791255
STCLAF,298,20194,46.81255506,690,0.973201693
WSCWPG,304,20498,47.51727016,691,0.97461213
SNAMHI,359,20857,48.34948305,692,0.976022567
WSCNWT,360,21217,49.18401409,693,0.977433004
WSCGUE,379,21596,50.06258983,694,0.978843441
WSCVAN,407,22003,51.00607353,695,0.980253879
COLBIA,408,22411,51.95187538,696,0.981664316
WSCCAL,408,22819,52.89767722,697,0.983074753
BURPNW,462,23281,53.96865872,698,0.98448519
QUEHYD,507,23788,55.1439566,699,0.985895628
SOCDWR,588,24376,56.50702397,700,0.987306065
USDANR,621,24997,57.94659001,701,0.988716502
CHLDOH,738,25735,59.65737865,702,0.990126939
BRAZWT,759,26494,61.41684825,703,0.991537377
BLM001,764,27258,63.18790857,704,0.992947814
NOANOS,799,28057,65.04010385,705,0.994358251
MEXNMS,808,28865,66.91316241,706,0.995768688
INAMEH,938,29803,69.0875794,707,0.997179126
DAFS00,1027,30830,71.468311,708,0.998589563
USGS01,12308,43138,100,709,1
,,,,,
Total,43138,,,,
,,,,,
,,0.022566996,,,
,,,,,
,,,,,
DCS Statistics as of 4/4/2023,,,,,
Total Num of Platforms ,43138,,,,
Total Num of Agencies,709,,,,
50% of the agencies own less than 2% of the total number of platforms,,,,,
2% of the agencies own more than 50% of the platforms,,,,,